Date,Symbol,Series,Prev Close,Open,High,Low,Last,Close,VWAP,Volume,Turnover,Trades,Deliverable Volume,%Deliverble,Month,Blank,Expiry _0,Open _0,High _0,Low _0,Close _0,Last _0,Settle Price _0,Number of Contracts _0,Turnover _0,Open Interest _0,Change in OI _0,Underlying _0,Blank3,Expiry _1,Open _1,High _1,Low _1,Close _1,Last _1,Settle Price _1,Number of Contracts _1,Turnover _1,Open Interest _1,Change in OI _1,Underlying _1,ClosingPrice,Del Value(Crores),5 Day Avg Del,CumulativeOI,Change in COI,BLANK4,~ PRICE,~ DELIVERY,~ OI,BLANK5,Longs,Shorts
2021-01-04,TATAMOTORS,EQ,186.5,191.8,193.0,188.75,191.15,191.3,191.13,63980597,1222876528555000.0,253278,9524998,14.89,1,,2021-01-28,191.35,193.6,189.45,192.0,191.85,192.0,11048.0,12083669000.0,71711700.0,347700.0,191.3,,2021-02-25,192.85,194.2,190.1,192.75,192.6,192.75,358.0,393160000.0,1219800.0,131100.0,191.3,191.3,1222876.528555,,72931500.0,72931500.0,,100.0,,100.0,,72931500.0,
2021-01-05,TATAMOTORS,EQ,191.3,187.1,193.9,185.05,193.0,193.2,188.96,75752593,1431393103785000.0,299902,14548984,19.21,1,,2021-01-28,188.15,194.3,184.5,193.55,193.2,193.55,14504.0,15693140000.0,69095400.0,-2616300.0,,,2021-02-25,188.2,194.95,186.2,194.3,193.9,194.3,404.0,437718999.99999994,1504800.0,285000.0,,193.2,1431393.103785,,70600200.0,-2331300.0,,0.98,,-3.3,,,-2331300.0
2021-01-06,TATAMOTORS,EQ,193.2,194.45,197.6,190.65,194.9,195.4,194.82,75621947,1473236558235000.0,302100,14274504,18.88,1,,2021-01-28,193.0,197.95,191.1,195.9,195.4,195.9,15583.0,17332504000.0,64609500.0,-4485900.0,,,2021-02-25,195.65,198.65,192.1,196.4,196.1,196.4,442.0,493650000.0,1607400.0,102600.0,,195.4,1473236.558235,,66216900.0,-4383300.0,,1.13,,-6.62,,,-4383300.0
2021-01-07,TATAMOTORS,EQ,195.4,197.0,200.35,195.1,196.5,196.75,198.02,66024848,1307391334950000.0,232249,7982287,12.09,1,,2021-01-28,196.8,201.2,196.35,197.3,197.25,197.3,12912.0,14620782000.0,64284600.0,-324900.0,196.75,,2021-02-25,198.8,201.85,197.5,198.15,198.15,198.15,567.0,644232000.0,1892400.0,285000.0,196.75,196.75,1307391.33495,,66177000.0,-39900.0,,0.69,,-0.06,,,-39900.0
2021-01-08,TATAMOTORS,EQ,196.75,198.75,201.5,197.1,197.85,198.15,199.44,53991568,1076812683590000.0,191216,7076664,13.11,1,,2021-01-28,198.8,202.3,197.55,198.55,198.2,198.55,10531.0,12006155000.0,63959700.0,-324900.0,,,2021-02-25,200.0,203.0,198.5,199.4,199.0,199.4,385.0,440958000.0,1983600.0,91200.0,,198.15,1076812.68359,1302342.041823,65943300.0,-233700.0,,0.71,0.8268278601239755,-0.35,,,-233700.0
2021-01-11,TATAMOTORS,EQ,198.15,199.9,225.4,199.65,223.2,220.65,211.45,182483100,3858552322680000.5,635889,25583098,14.02,1,,2021-01-28,200.0,224.9,199.75,221.4,223.65,221.4,34654.0,41830317000.0,68531100.0,4571400.0,220.65,,2021-02-25,200.9,225.55,200.9,222.15,224.65,222.15,1253.0,1520644000.0,2684700.0,701100.0,220.65,220.65,3858552.3226800007,1829477.200648,71215800.0,5272500.0,,10.2,2.109101070684731,7.4,,5272500.0,
2021-01-12,TATAMOTORS,EQ,220.65,227.0,252.4,224.1,237.25,237.8,238.18,390577839,9302949546045000.0,1303825,23171897,5.93,1,,2021-01-28,227.75,249.95,224.65,238.8,238.75,238.8,59962.0,81440856000.0,70469100.0,1938000.0,237.8,,2021-02-25,227.7,250.6,225.7,239.8,239.4,239.8,2535.0,3461286000.0,3807600.0,1122900.0,237.8,237.8,9302949.546045,3403788.4891,74276700.0,3060900.0,,7.21,2.7331162250051575,4.12,,3060900.0,
2021-01-13,TATAMOTORS,EQ,237.8,242.9,248.8,238.4,242.85,242.6,243.45,164649387,4008403585150000.0,612651,13997353,8.5,1,,2021-01-28,242.7,249.0,238.75,243.35,243.5,243.35,23827.0,33096726000.0,68616600.0,-1852500.0,,,2021-02-25,244.25,249.6,239.95,244.2,244.35,244.2,1069.0,1491388000.0,4092600.0,285000.0,,242.6,4008403.58515,3910821.894483,72709200.0,-1567500.0,,1.98,1.024951709205847,-2.16,,,-1567500.0
2021-01-14,TATAMOTORS,EQ,242.6,242.85,249.8,238.6,245.25,245.1,244.21,86819519,2120239763659999.8,379083,9427551,10.86,1,,2021-01-28,243.4,250.7,239.15,246.15,246.4,246.15,13192.0,18436891000.0,67317000.0,-1299600.0,245.1,,2021-02-25,243.4,251.6,240.35,247.05,247.25,247.05,807.0,1131933000.0,4098300.0,5700.0,245.1,245.1,2120239.7636599997,4073391.580225,71415300.0,-1293900.0,,1.02,0.5205096838597788,-1.81,,,-1293900.0
2021-01-15,TATAMOTORS,EQ,245.1,246.0,264.65,242.6,261.6,260.3,255.48,250038029,6387968819645000.0,907714,15930209,6.370000000000001,1,,2021-01-28,246.2,265.55,243.05,261.6,262.55,261.6,45909.0,67147355000.00001,71814300.0,4497300.0,260.3,,2021-02-25,247.55,266.45,244.2,262.65,263.65,262.65,2857.0,4191630000.0000005,5546100.0,1447800.0,260.3,260.3,6387968.819645,5135622.807436,77360400.0,5945100.0,,5.84,1.2438547493004541,7.68,,5945100.0,
2021-01-18,TATAMOTORS,EQ,260.3,261.65,262.45,241.15,244.5,245.95,249.46,173383224,4325133330350000.0,651158,13485876,7.780000000000001,1,,2021-01-28,262.25,262.5,241.75,246.3,245.0,246.3,27523.0,39227637000.0,64375800.0,-7438500.0,,,2021-02-25,262.95,262.95,242.8,247.0,246.1,247.0,1907.0,2729654000.0,6817200.0,1271100.0,,245.95,4325133.33035,5228939.00897,71193000.0,-6167400.0,,-5.83,0.8271531419529731,-8.66,,-6167400.0,
2021-01-19,TATAMOTORS,EQ,245.95,251.5,261.7,251.3,258.75,258.65,256.26,136861059,3507239305890000.0,522685,9668841,7.06,1,,2021-01-28,252.75,262.3,251.65,259.45,259.6,259.45,22119.0,32392353000.000004,63195900.0,-1179900.0,258.65,,2021-02-25,253.7,263.2,253.05,260.4,260.55,260.4,1728.0,2540943000.0,8327700.0,1510500.0,258.65,258.65,3507239.30589,4069796.960939,71523600.0,330600.0,,4.91,0.8617725502160667,0.46,,330600.0,
2021-01-20,TATAMOTORS,EQ,258.65,260.0,277.5,258.85,274.4,274.9,271.49,205145151,5569536279325000.0,828086,11869707,5.79,1,,2021-01-28,260.45,277.9,259.5,275.4,274.8,275.4,38063.0,58918666000.0,63788700.0,592800.0,274.9,,2021-02-25,261.95,278.9,260.7,276.45,276.0,276.45,3894.0,6061969000.0,12380400.0,4052700.0,274.9,274.9,5569536.279325,4382023.499774,76169100.0,4645500.0,,5.91,1.270996442536706,6.1,,4645500.0,
2021-01-21,TATAMOTORS,EQ,274.9,281.0,299.0,280.0,292.45,290.6,291.38,283614463,8263864723900000.0,1124524,30509002,10.76,1,,2021-01-28,279.9,299.25,279.9,290.6,292.1,290.6,45526.0,75584414000.0,57313500.0,-6475200.0,290.6,,2021-02-25,281.95,300.4,281.95,291.6,293.45,291.6,6484.0,10811567000.0,15714900.0,3334500.0,290.6,290.6,8263864.7239,5610748.491822,73028400.0,-3140700.0,,5.4,1.4728631547012088,-4.3,,,-3140700.0
2021-01-22,TATAMOTORS,EQ,290.6,295.95,306.9,278.35,290.85,289.35,296.37,316008609,9365670736420000.0,1318669,23030772,7.290000000000001,1,,2021-01-28,294.95,306.75,278.8,290.2,291.6,290.2,52601.0,88873389000.0,50530500.0,-6783000.0,289.35,,2021-02-25,296.4,307.85,279.95,291.25,292.6,291.25,9929.0,16850657000.0,24777900.0,9063000.0,289.35,289.35,9365670.73642,6206288.875177,75308400.0,2280000.0,,-0.43,1.5090613609494445,3.03,,,2280000.0
2021-01-25,TATAMOTORS,EQ,289.35,296.9,299.5,277.35,278.7,279.15,284.75,164346913,4679732564585000.0,726552,9512206,5.79,1,,2021-01-28,296.5,299.4,277.5,279.55,279.55,279.55,25410.0,41192464000.0,41661300.0,-8869200.0,279.15,,2021-02-25,296.85,300.3,278.3,280.4,280.5,280.4,8523.0,13857568000.0,32746500.0,7968600.0,279.15,279.15,4679732.564585,6277208.722024,74407800.0,-900600.0,,-3.65,0.7455117030226907,-1.21,,-900600.0,
2021-01-27,TATAMOTORS,EQ,279.15,274.9,275.0,265.7,266.75,267.5,269.62,126586833,3413052661540000.0,577227,12576368,9.93,1,,2021-01-28,274.7,275.35,265.85,268.1,267.5,268.1,19561.0,30109728999.999996,24316200.0,-17345100.0,267.5,,2021-02-25,275.1,276.0,266.55,268.75,268.1,268.75,14619.0,22574861000.0,48016800.0,15270300.0,267.5,267.5,3413052.66154,6258371.393154,72333000.0,-2074800.0,,-4.36,0.5453579609023396,-2.87,,-2074800.0,
2021-01-28,TATAMOTORS,EQ,267.5,260.05,273.4,259.05,266.0,266.8,266.8,129156876,3445949874044999.5,543019,10168460,7.870000000000001,1,,2021-01-28,261.1,273.75,259.25,266.7,265.8,266.8,13250.0,20190717000.0,8139600.0,-16176600.0,266.8,,2021-02-25,268.1,274.6,260.0,267.95,267.15,267.95,21789.0,33327402000.0,69369000.0,21352200.0,266.8,266.8,3445949.8740449995,5833654.112098,77508600.0,5175600.0,,-0.26,0.590701781049838,6.68,,,5175600.0
2021-01-29,TATAMOTORS,EQ,266.8,273.0,278.8,260.6,262.35,262.7,270.74,138442348,3748138973110000.0,588270,14916676,10.77,1,,2021-02-25,274.5,279.35,262.1,263.9,263.5,263.9,23531.0,36402228000.0,72441300.0,3072300.0,262.7,,2021-03-25,275.2,280.15,263.15,264.75,264.3,264.75,548.0,849910000.0,1487700.0,171000.0,262.7,262.7,3748138.97311,4930508.96194,73929000.0,-3579600.0,,-1.56,0.7601931163786437,-4.84,,-3579600.0,
2021-02-01,TATAMOTORS,EQ,262.7,269.75,282.0,255.35,280.3,279.6,269.6,165655500,4466063381744999.5,797774,12678691,7.6499999999999995,2,,2021-02-25,270.1,283.3,256.2,281.3,281.9,281.3,32210.0,49822858000.0,75844200.0,3402900.0,,,2021-03-25,270.05,284.0,257.6,282.35,283.05,282.35,806.0,1249044000.0,1960800.0,473100.0,,279.6,4466063.381744999,3950587.491005,77805000.0,3876000.0,,6.04,1.130480818843697,4.98,,3876000.0,
2021-02-02,TATAMOTORS,EQ,279.6,293.6,328.85,290.4,326.95,322.0,308.75,251965965,7779481872464999.0,1201928,30359979,12.05,2,,2021-02-25,293.5,337.45,291.1,324.2,328.05,324.2,48032.0,84953063000.0,74117100.0,-1727100.0,322.0,,2021-03-25,290.0,330.65,290.0,325.55,328.9,325.55,1485.0,2636830000.0,2251500.0,290700.0,322.0,322.0,7779481.872464999,4570537.352581,76368600.0,-1436400.0,,13.17,1.702093489745116,-1.88,,,-1436400.0
2021-02-03,TATAMOTORS,EQ,322.0,339.2,341.9,326.2,331.2,331.0,334.33,224190114,7495451628710001.0,1057040,22289570,9.94,2,,2021-02-25,339.0,343.0,326.9,331.8,331.95,331.8,37449.0,71559098000.0,69397500.0,-4719600.0,,,2021-03-25,347.65,347.65,328.4,333.1,333.0,333.1,1431.0,2745829000.0,2764500.0,513000.0,,331.0,7495451.628710001,5387017.146015,72162000.0,-4206600.0,,2.72,1.3913918269695313,-5.83,,,-4206600.0
2021-02-04,TATAMOTORS,EQ,331.0,329.0,334.5,322.45,326.1,326.15,328.68,121033002,3978159711325000.0,693061,10773872,8.9,2,,2021-02-25,329.0,335.65,323.25,327.05,327.25,327.05,20868.0,39214410000.0,66861000.0,-2536500.0,326.15,,2021-03-25,329.0,336.7,324.75,328.2,328.7,328.2,755.0,1423427000.0,3038100.0,273600.0,326.15,326.15,3978159.711325,5493459.113471,69899100.0,-2262900.0,,-1.49,0.7241629780350599,-3.24,,-2262900.0,
2021-02-05,TATAMOTORS,EQ,326.15,327.6,330.0,312.6,318.45,315.9,319.24,103512235,3304550022925000.0,620367,13161252,12.710000000000003,2,,2021-02-25,328.8,330.7,313.05,317.85,320.0,317.85,18441.0,33636828999.999996,68012400.0,1151400.0,315.9,,2021-03-25,330.0,331.55,314.75,319.0,321.0,319.0,626.0,1145353000.0,3294600.0,256500.0,315.9,315.9,3304550.022925,5404741.323434,71307000.0,1407900.0,,-3.24,0.6114168699613907,1.97,,,1407900.0
2021-02-08,TATAMOTORS,EQ,315.9,318.75,339.25,318.0,336.55,335.95,328.1,102123614,3350695568995000.0,597813,13791043,13.5,2,,2021-02-25,320.2,340.95,318.85,337.75,338.3,337.75,20589.0,38768797000.0,72971400.0,4959000.0,,,2021-03-25,320.3,342.0,320.25,338.9,339.75,338.9,754.0,1421236000.0,3454200.0,159600.0,,335.95,3350695.568995,5181667.760884,76425600.0,5118600.0,,5.97,0.6466442318608567,6.7,,5118600.0,
2021-02-09,TATAMOTORS,EQ,335.95,337.0,338.5,322.2,325.85,325.05,328.65,105981081,3483032889575000.0,596440,11770233,11.11,2,,2021-02-25,339.2,339.7,323.1,325.9,326.7,325.9,19577.0,36767123000.0,72623700.0,-347700.0,325.05,,2021-03-25,339.35,340.4,324.35,327.2,328.1,327.2,928.0,1749450000.0,3950100.0,495900.0,325.05,325.05,3483032.889575,4322377.964306,76573800.0,148200.0,,-3.35,0.805814049196467,0.19,,,148200.0
2021-02-10,TATAMOTORS,EQ,325.05,326.0,332.65,319.5,328.55,328.9,325.62,93466949,3043483376205000.0,474065,5592345,5.98,2,,2021-02-25,326.9,334.0,320.25,330.4,330.25,330.4,17629.0,32868881000.0,72732000.0,108300.0,,,2021-03-25,328.95,335.0,321.3,331.75,331.45,331.75,782.0,1465421000.0,3881700.0,-68400.0,,328.9,3043483.376205,3431984.313805,76613700.0,39900.0,,1.17,0.8867999087183258,0.05,,39900.0,
2021-02-11,TATAMOTORS,EQ,328.9,326.45,331.35,323.4,324.9,325.0,326.77,55257166,1805656376625000.0,317814,6734537,12.19,2,,2021-02-25,327.4,332.25,324.5,326.35,326.15,326.35,9521.0,17800563000.0,73951800.0,1219800.0,,,2021-03-25,330.65,333.3,325.95,327.45,326.95,327.45,514.0,963451000.0,4263600.0,381900.0,,325.0,1805656.376625,2997483.646865,78215400.0,1601700.0,,-1.2,0.6023907348130139,2.05,,,1601700.0
2021-02-12,TATAMOTORS,EQ,325.0,326.4,330.5,321.25,324.55,325.4,326.36,64093642,2091745008600000.0,344490,4621930,7.21,2,,2021-02-25,326.7,331.7,322.15,326.3,325.5,326.3,12347.0,23031972000.0,71546400.0,-2405400.0,,,2021-03-25,328.3,332.65,323.45,327.55,326.4,327.55,873.0,1633726000.0,4742400.0,478800.0,,325.4,2091745.0086,2754922.644,76288800.0,-1926600.0,,0.12,0.759275405846931,-2.53,,,-1926600.0
2021-02-15,TATAMOTORS,EQ,325.4,329.9,335.8,324.0,331.9,333.35,329.83,78680452,2595079565545000.0,418089,8356395,10.62,2,,2021-02-25,330.25,336.9,324.75,334.6,333.3,334.6,20820.0,39274142000.0,73632600.0,2086200.0,,,2021-03-25,331.3,337.95,326.0,335.75,334.5,335.75,1230.0,2326764000.0,5614500.0,872100.0,,333.35,2595079.565545,2603799.44331,79247100.0,2958300.0,,2.38,0.9966510946964813,3.73,,2958300.0,
2021-02-16,TATAMOTORS,EQ,333.35,335.45,337.9,327.5,329.0,329.2,331.95,65943843,2189030440055000.0,349911,8320793,12.620000000000001,2,,2021-02-25,336.4,338.95,328.4,330.2,330.0,330.2,13654.0,25927035000.0,73860600.0,228000.0,,,2021-03-25,337.65,340.0,329.85,331.45,331.05,331.45,1265.0,2407666000.0,6822900.0,1208400.0,,329.2,2189030.440055,2344998.953406,80683500.0,1436400.0,,-1.26,0.9334888772020716,1.78,,,1436400.0
2021-02-17,TATAMOTORS,EQ,329.2,326.9,334.25,325.45,329.7,330.15,329.78,52150941,1719846274005000.0,288923,5743645,11.01,2,,2021-02-25,327.8,335.4,326.5,331.2,331.05,331.2,12171.0,22959851000.0,72065100.0,-1795500.0,330.15,,2021-03-25,328.55,336.35,327.75,332.25,332.25,332.25,1518.0,2874843000.0,8709600.0,1886700.0,330.15,330.15,1719846.274005,2080271.532966,80774700.0,91200.0,,0.29,0.8267412435110745,0.11,,91200.0,
2021-02-18,TATAMOTORS,EQ,330.15,331.5,331.75,321.1,323.0,323.85,327.39,49204247,1610895768200000.0,305338,10654511,21.65,2,,2021-02-25,332.0,332.75,322.2,324.35,323.4,324.35,9771.0,18277161000.0,70925100.0,-1140000.0,,,2021-03-25,333.35,333.65,323.3,325.35,324.8,325.35,1934.0,3625032000.0,12072600.0,3363000.0,,323.85,1610895.7682,2041319.411281,82997700.0,2223000.0,,-1.95,0.7891443932280574,2.68,,,2223000.0
2021-02-19,TATAMOTORS,EQ,323.85,321.95,321.95,301.4,312.45,311.85,313.32,80274683,2515157675790000.0,516227,11456545,14.27,2,,2021-02-25,321.55,321.55,301.45,311.75,311.4,311.75,18117.0,32368402000.0,62078700.0,-8846400.0,,,2021-03-25,322.45,322.45,302.55,312.8,312.9,312.8,4170.0,7483819000.0,19442700.0,7370100.0,,311.85,2515157.67579,2126001.944719,81521400.0,-1476300.0,,-3.85,1.183045802021802,-1.81,,-1476300.0,
2021-02-22,TATAMOTORS,EQ,311.85,312.45,313.9,302.15,302.6,304.5,308.0,57723298,1777857910609999.8,341152,5272946,9.13,2,,2021-02-25,311.95,314.4,302.85,304.65,303.2,304.65,12128.0,21309775000.0,53768100.0,-8310600.0,,,2021-03-25,313.45,315.4,303.7,305.6,304.05,305.6,4778.0,8420338000.0,25803900.0,6361200.0,,304.5,1777857.9106099997,1962557.613732,79572000.0,-1949400.0,,-2.41,0.9058882644618135,-2.45,,-1949400.0,
2021-02-23,TATAMOTORS,EQ,304.5,308.5,328.9,308.5,324.6,324.0,319.8,133310157,4263243024510000.0,696488,12357798,9.27,2,,2021-02-25,309.1,329.6,309.05,324.7,325.1,324.7,23804.0,43435970000.0,39261600.0,-14506500.0,324.0,,2021-03-25,310.25,330.55,310.25,325.75,326.4,325.75,14117.0,25846223000.0,42630300.0,16826400.0,324.0,324.0,4263243.02451,2377400.130623,81891900.0,2319900.0,,6.02,1.7932374822377135,2.83,,2319900.0,
2021-02-24,TATAMOTORS,EQ,324.0,325.0,330.0,316.5,321.2,321.65,324.47,50821757,1648997487385000.0,287089,10529353,20.72,2,,2021-02-25,325.45,330.05,310.55,321.55,321.4,321.55,8462.0,15631469000.0,24008400.0,-15253200.0,321.65,,2021-03-25,326.1,331.0,317.0,322.65,322.5,322.65,8005.0,14832881000.0,54885300.0,12255000.0,321.65,321.65,1648997.487385,2363230.373299,78893700.0,-2998200.0,,-0.73,0.6977726361408635,-3.8,,-2998200.0,
2021-02-25,TATAMOTORS,EQ,321.65,325.35,334.7,323.25,333.6,333.15,328.91,64514912,2121956749134999.8,352535,13578645,21.05,2,,2021-02-25,323.9,334.5,323.4,333.0,334.0,333.15,9685.0,18092693000.0,5283900.0,-18724500.0,333.15,,2021-03-25,324.5,336.7,324.5,335.5,336.2,335.5,19559.0,36861096000.0,77685300.0,22800000.0,333.15,333.15,2121956.7491349997,2465442.569486,82969200.0,4075500.0,,3.45,0.8606798533447035,4.91,,4075500.0,
2021-02-26,TATAMOTORS,EQ,333.15,323.0,332.95,318.85,321.9,322.95,324.69,91901339,2983921380950000.0,493729,15790964,17.18,2,,2021-03-25,325.15,335.15,319.15,324.95,323.8,324.95,24422.0,45409833000.0,83544900.0,5859600.0,,,2021-04-29,325.55,336.3,321.0,326.1,325.25,326.1,729.0,1359743000.0,2941200.0,501600.0,,322.95,2983921.38095,2559195.310518,86486100.0,3516900.0,,-3.16,1.1659607880205254,4.07,,,3516900.0
2021-03-01,TATAMOTORS,EQ,322.95,330.0,331.85,322.7,327.7,328.3,327.28,61190868,2002666575384999.8,352381,6661638,10.89,3,,2021-03-25,329.5,333.0,323.65,330.45,329.95,330.45,15687.0,29404970000.0,84439800.0,894900.0,,,2021-04-29,331.2,334.35,326.0,332.05,331.6,332.05,447.0,841431000.0,3163500.0,222300.0,,328.3,2002666.5753849999,2604157.043473,87603300.0,1117200.0,,1.63,0.769026806737496,1.28,,1117200.0,
2021-03-02,TATAMOTORS,EQ,328.3,331.1,347.2,326.45,345.25,345.75,339.18,127708761,4331648389144999.5,728843,20697600,16.21,3,,2021-03-25,332.0,349.0,328.1,347.95,347.4,347.95,29308.0,56961957999.99999,90065700.0,5625900.0,,,2021-04-29,334.4,350.45,329.7,349.5,349.1,349.5,624.0,1217048000.0,3066600.0,-96900.0,,345.75,4331648.389145,2617838.1164,93132300.0,5529000.0,,5.05,1.654666253810147,5.94,,5529000.0,
2021-03-03,TATAMOTORS,EQ,345.75,348.65,357.0,346.5,347.1,348.5,351.7,92006451,3235853306050000.0,527778,19193283,20.86,3,,2021-03-25,349.5,358.75,348.4,350.1,348.8,350.1,17107.0,34446797000.0,84952800.0,-5112900.0,348.5,,2021-04-29,351.9,360.0,350.5,351.75,350.95,351.75,637.0,1288299000.0,3613800.0,547200.0,348.5,348.5,3235853.30605,2935209.280133,88566600.0,-4565700.0,,0.79,1.102426776840722,-5.16,,,-4565700.0
2021-03-04,TATAMOTORS,EQ,348.5,339.0,345.4,337.3,340.0,339.2,341.5,59863169,2044350860645000.0,365276,11468971,19.16,3,,2021-03-25,341.35,347.55,338.7,341.35,341.65,341.35,13544.0,26492446999.999996,88407000.0,3454200.0,339.2,,2021-04-29,342.55,349.15,340.7,343.6,343.85,343.6,515.0,1013060000.0,4343400.0,729600.0,339.2,339.2,2044350.860645,2919688.102435,92750400.0,4183800.0,,-2.74,0.7001949485426286,4.51,,,4183800.0
2021-03-05,TATAMOTORS,EQ,339.2,333.0,337.85,319.7,326.45,325.15,329.04,86738909,2854048658350000.0,511915,18958771,21.86,3,,2021-03-25,334.3,339.0,320.5,325.95,326.85,325.95,18867.0,35504799000.0,86748300.0,-1658700.0,,,2021-04-29,335.0,341.0,322.6,327.8,328.5,327.8,1380.0,2602151000.0,5945100.0,1601700.0,,325.15,2854048.65835,2893713.557915,92693400.0,-57000.0,,-4.32,0.9862927346569924,-0.06,,-57000.0,
2021-03-08,TATAMOTORS,EQ,325.15,331.75,331.75,318.8,321.35,321.25,324.4,81925952,2657675757330000.0,547672,12979022,15.840000000000002,3,,2021-03-25,331.5,331.5,319.35,323.0,323.05,323.0,14806.0,27479399000.0,88891500.0,2143200.0,,,2021-04-29,332.85,332.85,321.55,324.95,325.0,324.95,668.0,1245626000.0,6515100.0,570000.0,,321.25,2657675.75733,3024715.394304,95406600.0,2713200.0,,-1.21,0.8786531659589555,2.84,,,2713200.0
2021-03-09,TATAMOTORS,EQ,321.25,325.0,328.35,309.6,315.15,315.2,318.35,74702208,2378146829310000.0,443980,11765184,15.75,3,,2021-03-25,328.0,329.3,310.3,316.9,317.05,316.9,14869.0,27061900000.0,89165100.0,273600.0,,,2021-04-29,329.95,331.2,312.3,318.9,319.0,318.9,965.0,1766612000.0,7575300.0,1060200.0,,315.2,2378146.82931,2634015.082337,96740400.0,1333800.0,,-1.92,0.9028599893968778,1.38,,,1333800.0
2021-03-10,TATAMOTORS,EQ,315.2,319.5,324.45,316.7,321.75,321.45,321.13,58643853,1883219659295000.0,332869,8419018,14.360000000000001,3,,2021-03-25,321.2,325.95,317.7,323.15,323.15,323.15,10615.0,19507809000.0,86959200.0,-2205900.0,,,2021-04-29,322.95,327.65,319.85,324.9,325.0,324.9,600.0,1108743000.0,7791900.0,216600.0,,321.45,1883219.659295,2363488.352986,94751100.0,-1989300.0,,1.94,0.7967966742530231,-2.1,,,-1989300.0
2021-03-12,TATAMOTORS,EQ,321.45,325.05,326.5,314.15,317.45,317.55,320.29,48360842,1548947502345000.0,319107,9523477,19.69,3,,2021-03-25,327.8,328.0,315.2,318.6,318.45,318.6,9063.0,16599120000.000002,87415200.0,456000.0,,,2021-04-29,328.5,330.0,317.1,320.4,320.25,320.4,609.0,1125020000.0,8504400.0,712500.0,,317.55,1548947.502345,2264407.681326,95919600.0,1168500.0,,-1.23,0.6840409150343288,1.22,,,1168500.0
2021-03-15,TATAMOTORS,EQ,317.55,320.0,320.4,310.05,318.2,318.55,314.73,45083228,1418890647040000.0,307122,4375321,9.7,3,,2021-03-25,321.55,321.55,310.65,319.55,319.25,319.55,8718.0,15688766000.0,86565900.0,-849300.0,,,2021-04-29,322.45,322.45,312.75,321.3,321.0,321.3,747.0,1350765000.0,8504400.0,0.0,,318.55,1418890.64704,1977376.079064,95070300.0,-849300.0,,0.31,0.7175623605761623,-0.89,,,-849300.0
2021-03-16,TATAMOTORS,EQ,318.55,321.0,321.9,315.1,319.0,319.95,318.53,39267404,1250792588745000.0,228406,3485798,8.88,3,,2021-03-25,320.85,323.25,315.95,321.3,320.5,321.3,7552.0,13761978000.0,85659600.0,-906300.0,,,2021-04-29,322.45,324.95,318.0,323.1,322.45,323.1,686.0,1256794000.0,9268200.0,763800.0,,319.95,1250792.588745,1695999.445347,94927800.0,-142500.0,,0.44,0.7374958713439255,-0.15,,,-142500.0
2021-03-17,TATAMOTORS,EQ,319.95,318.6,320.0,304.0,305.5,305.8,312.19,47262481,1475510172235000.0,315250,8660012,18.32,3,,2021-03-25,319.9,321.1,304.45,306.45,305.65,306.45,10385.0,18526794000.0,83265600.0,-2394000.0,305.8,,2021-04-29,320.0,322.65,306.45,308.35,307.8,308.35,1515.0,2712690000.0,11080800.0,1812600.0,305.8,305.8,1475510.172235,1515472.113932,94346400.0,-581400.0,,-4.63,0.9736306980975612,-0.62,,-581400.0,
2021-03-18,TATAMOTORS,EQ,305.8,311.0,316.6,299.75,308.0,307.0,309.64,73731921,2283062664915000.0,422219,5223142,7.08,3,,2021-03-25,311.25,317.7,300.0,307.9,308.35,307.9,15567.0,27552396000.000004,80763300.0,-2502300.0,307.0,,2021-04-29,312.65,319.15,301.9,309.65,310.4,309.65,2737.0,4868290000.0,12773700.0,1692900.0,307.0,307.0,2283062.664915,1595440.715056,93537000.0,-809400.0,,0.39,1.4309918528278656,-0.87,,,-809400.0
2021-03-19,TATAMOTORS,EQ,307.0,303.5,311.0,290.2,308.2,308.95,302.07,109932681,3320704360515000.0,562664,16755161,15.24,3,,2021-03-25,302.6,311.0,290.7,309.15,308.7,309.15,18537.0,31881340999.999996,76881600.0,-3881700.0,,,2021-04-29,304.85,312.6,292.85,310.8,310.45,310.8,4302.0,7440341000.0,16119600.0,3345900.0,,308.95,3320704.360515,1949792.08669,93001200.0,-535800.0,,0.63,1.7031069021068208,-0.58,,,-535800.0
2021-03-22,TATAMOTORS,EQ,308.95,306.45,307.5,300.1,302.85,303.05,303.74,56385019,1712617809325000.0,338962,6178761,10.96,3,,2021-03-25,306.5,308.0,300.05,303.35,303.25,303.35,10399.0,18015492000.0,67795800.0,-9085800.0,,,2021-04-29,310.8,310.8,302.0,305.15,305.25,305.15,4442.0,7739127000.0,25416300.0,9296700.0,,303.05,1712617.809325,2008537.519147,93212100.0,210900.0,,-1.95,0.8526690654264336,0.23,,,210900.0
2021-03-23,TATAMOTORS,EQ,303.05,305.0,312.25,304.0,306.9,307.4,308.61,60240483,1859076550380000.0,349957,6705709,11.13,3,,2021-03-25,304.6,312.6,304.15,308.2,307.85,308.2,10860.0,19137127000.0,51562200.0,-16233600.0,,,2021-04-29,306.05,314.45,306.0,310.1,309.6,310.1,7764.0,13765040000.0,39341400.0,13925100.0,,307.4,1859076.55038,2130194.311474,90903600.0,-2308500.0,,1.42,0.8727262768313381,-2.54,,,-2308500.0
2021-03-24,TATAMOTORS,EQ,307.4,303.55,305.0,293.2,294.75,294.45,299.54,61523819,1842909708330000.0,394777,9946893,16.17,3,,2021-03-25,304.0,305.4,293.2,294.3,294.5,294.3,12306.0,21025179000.0,26100300.0,-25461900.0,294.45,,2021-04-29,305.15,307.25,295.0,296.0,296.5,296.0,12438.0,21374499000.0,69061200.0,29719800.0,294.45,294.45,1842909.70833,2203674.218693,95161500.0,4257900.0,,-4.4,0.8362895443878409,4.47,,,4257900.0
2021-03-25,TATAMOTORS,EQ,294.45,294.0,294.0,282.25,286.0,285.55,287.04,84528317,2426271331875000.0,511962,8894303,10.52,3,,2021-03-25,293.05,293.1,282.55,286.0,286.2,285.55,9718.0,15924067000.000002,4018500.0,-22081800.0,,,2021-04-29,294.6,294.95,284.3,288.05,288.25,288.05,21083.0,34775980000.0,88714800.0,19653600.0,,285.55,2426271.331875,2232315.952085,92733300.0,-2428200.0,,-3.12,1.0868852724941755,-2.62,,-2428200.0,
2021-03-26,TATAMOTORS,EQ,285.55,290.5,301.4,290.5,296.75,296.4,296.4,80924011,2398553479625000.0,434783,7121742,8.8,3,,2021-04-29,291.85,303.8,291.85,298.25,298.5,298.25,15818.0,26927833000.0,87837000.0,-877800.0,,,2021-05-27,295.35,305.05,294.8,300.0,300.0,300.0,703.0,1202823000.0,2616300.0,68400.0,,296.4,2398553.479625,2047885.775907,90453300.0,-2280000.0,,3.66,1.1712340150234652,-2.52,,,-2280000.0
2021-03-30,TATAMOTORS,EQ,296.4,300.5,301.3,292.7,297.05,297.05,296.64,45257627,1342532571515000.0,267495,5114972,11.3,3,,2021-04-29,300.6,302.85,294.3,298.4,298.3,298.4,7032.0,11955629000.0,91251300.0,3414300.0,,,2021-05-27,303.75,303.95,296.0,299.65,299.55,299.65,429.0,733329000.0,2946900.0,330600.0,,297.05,1342532.571515,1973868.728345,94198200.0,3744900.0,,0.22,0.6801529160658283,3.98,,3744900.0,
2021-03-31,TATAMOTORS,EQ,297.05,299.0,307.5,297.5,301.45,301.8,303.68,58569012,1778639969380000.0,325482,7088954,12.1,3,,2021-04-29,301.05,309.65,299.6,303.95,303.75,303.95,11059.0,19270521000.0,90516000.0,-735300.0,,,2021-05-27,301.6,310.4,300.9,305.45,305.1,305.45,505.0,885468000.0,2884200.0,-62700.0,,301.8,1778639.96938,1957781.412145,93400200.0,-798000.0,,1.57,0.9084977303116145,-0.85,,,-798000.0
2021-04-01,TATAMOTORS,EQ,301.8,306.75,309.85,303.05,307.25,307.75,306.29,44088352,1350381654980000.0,268091,4813315,10.92,4,,2021-04-29,308.1,312.3,304.5,309.95,309.85,309.95,12386.0,21734923000.0,90231000.0,-285000.0,,,2021-05-27,308.8,313.7,305.95,311.25,311.25,311.25,503.0,884921999.9999999,2889900.0,5700.0,,307.75,1350381.65498,1859275.801475,93120900.0,-279300.0,,1.93,0.726294428136329,-0.3,,,-279300.0
2021-04-05,TATAMOTORS,EQ,307.75,306.8,311.7,297.2,305.5,305.05,304.12,66178755,2012616922384999.8,346981,5081702,7.68,4,,2021-04-29,307.9,313.45,298.15,306.95,307.35,306.95,15142.0,26367990000.000004,89837700.0,-393300.0,,,2021-05-27,308.3,314.5,299.8,308.35,309.0,308.35,645.0,1127370000.0,2867100.0,-22800.0,,305.05,2012616.9223849997,1776544.919577,92704800.0,-416100.0,,-0.89,1.132882653405808,-0.45,,-416100.0,
2021-04-06,TATAMOTORS,EQ,305.05,306.15,313.8,304.8,308.0,307.75,309.29,63031783,1949503037984999.8,313806,7675387,12.18,4,,2021-04-29,308.0,315.6,306.6,309.8,309.85,309.8,15850.0,28118484999.999996,90607200.0,769500.0,,,2021-05-27,310.55,317.0,308.1,311.05,311.25,311.05,704.0,1253824000.0,2918400.0,51300.0,,307.75,1949503.0379849998,1686734.831249,93525600.0,820800.0,,0.88,1.1557851310519414,0.88,,820800.0,
2021-04-07,TATAMOTORS,EQ,307.75,306.75,310.65,305.1,307.65,307.8,308.53,39073986,1205535369230000.0,194930,4952057,12.67,4,,2021-04-29,309.05,312.7,307.1,309.95,309.65,309.95,9497.0,16814807999.999998,92077800.0,1470600.0,,,2021-05-27,309.15,314.0,309.15,311.3,311.25,311.3,433.0,770389000.0,2935500.0,17100.0,,307.8,1205535.36923,1659335.390792,95013300.0,1487700.0,,0.02,0.726516999468443,1.57,,1487700.0,
2021-04-08,TATAMOTORS,EQ,307.8,307.9,319.8,307.5,314.0,313.95,315.34,62459774,1969633582684999.8,329382,9456962,15.14,4,,2021-04-29,310.0,321.9,308.8,315.4,315.4,315.4,14904.0,26941609999.999996,94876500.0,2798700.0,,,2021-05-27,310.85,323.25,310.85,316.65,316.55,316.65,749.0,1361106000.0,2850000.0,-85500.0,,313.95,1969633.5826849998,1697534.1134529999,97726500.0,2713200.0,,1.96,1.160291016878898,2.78,,2713200.0,
2021-04-09,TATAMOTORS,EQ,313.95,313.2,325.0,312.5,317.55,318.2,320.77,75462572,2420590060615000.0,412742,8649296,11.46,4,,2021-04-29,314.8,327.35,314.15,319.25,318.6,319.25,15595.0,28673344000.0,96483900.0,1607400.0,,,2021-05-27,315.75,328.65,315.4,320.65,320.4,320.65,748.0,1382256000.0,3129300.0,279300.0,,318.2,2420590.060615,1911575.79458,99613200.0,1886700.0,,1.34,1.2662799285690043,1.89,,1886700.0,
2021-04-12,TATAMOTORS,EQ,318.2,307.85,307.85,282.9,287.5,286.55,292.83,105342538,3084725598155000.0,687082,20366565,19.33,4,,2021-04-29,309.3,309.3,281.25,286.75,286.9,286.75,19532.0,32659755000.0,88686300.0,-7797600.0,,,2021-05-27,309.9,309.9,285.45,288.0,288.25,288.0,1300.0,2191232000.0,4223700.0,1094400.0,,286.55,3084725.598155,2125997.529734,92910000.0,-6703200.0,,-11.05,1.4509544602062419,-7.21,,-6703200.0,
2021-04-13,TATAMOTORS,EQ,286.55,287.25,304.55,280.55,302.0,302.85,293.11,116874853,3425665088830000.0,571436,8020613,6.860000000000001,4,,2021-04-29,288.05,305.65,281.15,303.9,303.1,303.9,20772.0,34861395000.0,89541300.0,855000.0,302.85,,2021-05-27,288.5,306.9,282.65,305.1,304.15,305.1,1213.0,2046375999.9999998,4919100.0,695400.0,302.85,302.85,3425665.08883,2421229.939903,94460400.0,1550400.0,,5.38,1.414845005991971,1.64,,1550400.0,
2021-04-15,TATAMOTORS,EQ,302.85,303.0,307.55,296.5,302.2,303.5,301.87,75262749,2271945345745000.0,397148,7009105,9.31,4,,2021-04-29,300.0,307.85,296.7,303.7,302.75,303.7,12635.0,21778804000.0,90464700.0,923400.0,,,2021-05-27,306.1,309.0,298.35,305.25,304.3,305.25,973.0,1683670000.0,5768400.0,849300.0,,303.5,2271945.345745,2634511.935206,96233100.0,1772700.0,,0.21,0.8623780805029262,1.84,,1772700.0,
2021-04-16,TATAMOTORS,EQ,303.5,302.0,315.0,300.15,308.75,310.0,310.71,75330709,2340607756315000.0,408104,8967594,11.9,4,,2021-04-29,302.1,316.35,301.0,310.85,310.0,310.85,13917.0,24730450000.0,90384900.0,-79800.0,,,2021-05-27,301.25,317.6,300.8,312.2,311.0,312.2,1388.0,2474436000.0,6634800.0,866400.0,,310.0,2340607.756315,2708706.769932,97019700.0,786600.0,,2.1,0.8641052557984189,0.81,,786600.0,
2021-04-19,TATAMOTORS,EQ,310.0,295.0,304.5,292.8,301.7,301.4,299.92,65791784,1973209226055000.0,368946,6807491,10.35,4,,2021-04-29,296.5,305.35,293.9,301.9,302.2,301.9,10936.0,18747280000.0,90709800.0,324900.0,,,2021-05-27,296.7,306.5,295.1,303.15,303.25,303.15,1219.0,2098534999.9999998,7957200.0,1322400.0,,301.4,1973209.226055,2619230.60302,98667000.0,1647300.0,,-2.85,0.7533545247141926,1.67,,,1647300.0
2021-04-20,TATAMOTORS,EQ,301.4,307.7,308.15,294.2,297.4,298.05,301.99,56740291,1713493399160000.0,293573,6928884,12.21,4,,2021-04-29,307.25,308.65,294.5,298.15,297.25,298.15,9934.0,17123551000.0,84132000.0,-6577800.0,298.05,,2021-05-27,309.05,309.6,295.7,299.45,298.8,299.45,2156.0,3737776999.9999995,14609100.0,6651900.0,298.05,298.05,1713493.39916,2344984.163221,98741100.0,74100.0,,-1.12,0.7307057446419581,0.08,,,74100.0
2021-04-22,TATAMOTORS,EQ,298.05,294.0,302.5,292.2,294.5,294.55,296.94,61022978,1812045426415000.2,324395,6645492,10.89,4,,2021-04-29,294.25,303.25,292.7,294.45,294.0,294.45,11900.0,20149860000.0,79121700.0,-5010300.0,,,2021-05-27,295.3,304.6,294.05,295.85,295.45,295.85,3010.0,5120924000.0,20901900.0,6292800.0,,294.55,1812045.4264150003,2022260.230738,100023600.0,1282500.0,,-1.19,0.896049578027708,1.28,,,1282500.0
2021-04-23,TATAMOTORS,EQ,294.55,291.0,300.0,290.5,293.2,294.0,295.04,58158986,1715907814965000.0,301111,5596892,9.62,4,,2021-04-29,292.35,300.35,291.35,293.55,293.0,293.55,10123.0,17026789000.000002,74766900.0,-4354800.0,,,2021-05-27,294.0,301.5,290.05,294.8,294.0,294.8,2997.0,5060332000.0,25148400.0,4246500.0,,294.0,1715907.814965,1911052.724582,99915300.0,-108300.0,,-0.19,0.8978861717906378,-0.11,,-108300.0,
2021-04-26,TATAMOTORS,EQ,294.0,297.0,299.0,294.6,295.85,295.4,296.48,30583139,906738645495000.1,173282,3291167,10.76,4,,2021-04-29,297.1,298.85,294.45,295.75,295.7,295.75,6933.0,11727005000.0,59519400.0,-15247500.0,,,2021-05-27,297.55,300.0,295.9,297.0,297.25,297.0,3911.0,6642396000.000001,37756800.0,12608400.0,,295.4,906738.6454950002,1624278.902418,97276200.0,-2639100.0,,0.47,0.5582407332541068,-2.71,,,-2639100.0
2021-04-27,TATAMOTORS,EQ,295.4,295.7,302.5,295.1,302.1,301.5,299.05,35040532,1047879314215000.0,191627,5215100,14.88,4,,2021-04-29,295.3,303.0,295.25,302.25,302.85,302.25,8431.0,14382791000.0,41638500.0,-17880900.0,,,2021-05-27,297.5,304.25,296.95,303.45,304.2,303.45,6365.0,10905186000.0,59006400.0,21249600.0,,301.5,1047879.314215,1439212.92005,100644900.0,3368700.0,,2.02,0.7280919310942507,3.35,,3368700.0,
2021-04-28,TATAMOTORS,EQ,301.5,303.5,309.5,303.0,305.15,305.9,307.22,44668126,1372277783930000.0,264159,5116568,11.45,4,,2021-04-29,303.85,309.7,303.85,306.0,305.3,306.0,9067.0,15892862000.0,22800000.0,-18838500.0,305.9,,2021-05-27,305.2,311.0,305.2,307.3,306.7,307.3,8657.0,15244251000.0,77269200.0,18262800.0,305.9,305.9,1372277.78393,1370969.797004,100069200.0,-575700.0,,1.44,1.0009540596217787,-0.58,,,-575700.0
2021-04-29,TATAMOTORS,EQ,305.9,308.9,310.0,301.25,302.2,301.9,304.77,36647292,1116899790029999.9,186996,4193346,11.44,4,,2021-04-29,308.6,309.9,301.0,302.2,302.0,301.9,5731.0,9946927000.0,8322000.0,-14478000.0,,,2021-05-27,310.0,311.15,302.15,303.55,303.75,303.55,9102.0,15878185999.999998,91650300.0,14381100.0,,301.9,1116899.7900299998,1231940.669727,99972300.0,-96900.0,,-1.32,0.9066181655302497,-0.1,,-96900.0,
2021-04-30,TATAMOTORS,EQ,301.9,298.2,301.3,292.55,293.1,293.85,297.01,36121668,1072848726265000.0,227806,7898988,21.87,4,,2021-05-27,300.1,302.85,293.45,294.75,293.85,294.75,13594.0,11548110000.0,93357450.0,1707150.0,,,2021-06-24,300.45,304.15,295.0,295.9,295.45,295.9,705.0,601790000.0,1883850.0,225150.0,,293.85,1072848.726265,1103328.851987,95241300.0,-4731000.0,,-2.74,0.9723743962037175,-4.97,,-4731000.0,
2021-05-03,TATAMOTORS,EQ,293.85,289.3,294.75,285.0,293.1,293.0,290.96,35376618,1029331776429999.9,217697,3726649,10.53,5,,2021-05-27,289.8,296.2,285.7,294.15,294.0,294.15,11632.0,9684080000.0,95056050.0,1698600.0,,,2021-06-24,290.15,297.4,287.45,295.6,295.4,295.6,577.0,482378000.0,1966500.0,82650.0,,293.0,1029331.7764299999,1127847.478174,97022550.0,1781250.0,,-0.29,0.9126515742150717,1.84,,,1781250.0
2021-05-04,TATAMOTORS,EQ,293.0,296.35,299.75,288.05,289.95,289.45,293.92,38640006,1135688261415000.0,215522,5558961,14.39,5,,2021-05-27,297.45,301.4,288.9,290.75,291.35,290.75,13338.0,11220392000.0,96355650.0,1299600.0,,,2021-06-24,297.8,302.5,290.5,292.15,292.75,292.15,575.0,486014000.00000006,2171700.0,205200.0,,289.45,1135688.261415,1145409.267614,98527350.0,1504800.0,,-1.23,0.9915130718129689,1.53,,,1504800.0
2021-05-05,TATAMOTORS,EQ,289.45,293.5,293.9,288.5,292.25,291.5,291.05,29350536,854255790775000.0,172820,2646374,9.02,5,,2021-05-27,294.0,295.85,289.55,293.3,294.15,293.3,10715.0,8936330000.0,96637800.0,282150.0,,,2021-06-24,295.9,297.0,291.0,294.65,295.3,294.65,427.0,357828000.0,2280000.0,108300.0,,291.5,854255.790775,1041804.868983,98917800.0,390450.0,,0.7,0.8199767693626892,0.39,,390450.0,
2021-05-06,TATAMOTORS,EQ,291.5,291.5,302.0,290.3,301.05,301.25,297.01,45032502,1337521730380000.0,253096,8279822,18.39,5,,2021-05-27,296.25,303.75,291.5,303.05,302.9,303.05,15425.0,13149616000.0,99177150.0,2539350.0,,,2021-06-24,293.3,305.15,293.3,304.4,304.3,304.4,675.0,578196000.0,2368350.0,88350.0,,301.25,1337521.73038,1085929.257053,101545500.0,2627700.0,,3.24,1.2316840362232924,2.59,,2627700.0,
2021-05-07,TATAMOTORS,EQ,301.25,303.0,305.95,300.5,301.45,302.75,303.34,41591323,1261647588985000.0,232673,5787627,13.919999999999998,5,,2021-05-27,304.4,307.4,301.4,303.95,303.0,303.95,14410.0,12511460000.0,99430800.0,253650.0,,,2021-06-24,306.5,308.9,302.9,305.5,304.5,305.5,682.0,595125000.0,2630550.0,262200.0,,302.75,1261647.588985,1123689.029597,102061350.0,515850.0,,0.5,1.1227728986884187,0.51,,515850.0,
2021-05-10,TATAMOTORS,EQ,302.75,304.5,315.7,304.0,314.35,314.85,310.52,53260388,1653842798110000.0,304985,11043342,20.73,5,,2021-05-27,305.05,317.55,305.0,316.6,316.1,316.6,23916.0,21285764000.0,105082350.0,5651550.0,,,2021-06-24,307.95,318.95,306.9,318.1,317.9,318.1,813.0,726234000.0,2770200.0,139650.0,,314.85,1653842.79811,1248591.233933,107852550.0,5791200.0,,3.84,1.324567042570432,5.37,,5791200.0,
2021-05-11,TATAMOTORS,EQ,314.85,309.55,320.75,308.1,314.45,315.55,316.17,58472304,1848703605234999.8,341891,8734226,14.940000000000001,5,,2021-05-27,311.1,322.55,309.65,316.35,315.4,316.35,24684.0,22342888000.0,106441800.0,1359450.0,315.55,,2021-06-24,312.15,324.05,312.15,317.75,316.7,317.75,1081.0,983365000.0,3209100.0,438900.0,315.55,315.55,1848703.6052349997,1391194.302697,109650900.0,1798350.0,,0.22,1.3288608224250644,1.64,,1798350.0,
2021-05-12,TATAMOTORS,EQ,315.55,318.25,334.75,316.25,325.55,326.0,326.37,111584920,3641791030894999.5,627410,13243941,11.87,5,,2021-05-27,318.05,336.45,317.3,327.25,327.0,327.25,41187.0,38435080000.0,107559000.0,1117200.0,,,2021-06-24,319.35,338.4,319.35,328.65,328.3,328.65,2354.0,2204060000.0,4485900.0,1276800.0,,326.0,3641791.0308949994,1948701.350721,112044900.0,2394000.0,,3.21,1.8688297360432233,2.14,,2394000.0,
2021-05-14,TATAMOTORS,EQ,326.0,329.35,329.5,310.0,312.6,312.25,318.19,81305325,2587043040485000.0,446741,10717834,13.18,5,,2021-05-27,331.0,331.75,310.1,312.6,312.85,312.6,31216.0,28383821999.999996,104389800.0,-3169200.0,,,2021-06-24,329.65,332.35,312.0,314.15,314.05,314.15,2254.0,2059593000.0,6113250.0,1627350.0,,312.25,2587043.040485,2198605.612742,110503050.0,-1541850.0,,-4.4,1.176674445608532,-1.4,,-1541850.0,
2021-05-17,TATAMOTORS,EQ,312.25,315.4,323.85,311.4,321.75,321.1,317.96,51162423,1626758278640000.0,322456,4843462,9.47,5,,2021-05-27,315.45,325.05,311.65,322.4,322.75,322.4,20025.0,18207793000.0,104526600.0,136800.0,,,2021-06-24,316.0,326.3,313.35,323.75,324.2,323.75,1525.0,1392477000.0,6859950.0,746700.0,,321.1,1626758.27864,2271627.750673,111386550.0,883500.0,,2.76,0.7161200941298816,0.79,,883500.0,
2021-05-18,TATAMOTORS,EQ,321.1,325.95,336.65,324.0,332.0,332.45,331.11,86153088,2852617191265000.0,507559,11382641,13.210000000000003,5,,2021-05-27,327.4,338.0,324.5,333.8,333.4,333.8,31916.0,30210345000.0,106293600.0,1767000.0,,,2021-06-24,327.3,339.5,326.1,335.35,334.55,335.35,2474.0,2350253000.0,7555350.0,695400.0,,332.45,2852617.191265,2511382.629304,113848950.0,2462400.0,,3.41,1.1358751780709613,2.16,,2462400.0,
2021-05-19,TATAMOTORS,EQ,332.45,313.0,322.95,312.1,314.1,314.45,316.24,119407026,3776145938619999.5,682512,20058292,16.8,5,,2021-05-27,318.9,323.3,312.3,314.85,314.5,314.85,41651.0,37585190000.0,94511700.0,-11781900.0,,,2021-06-24,322.5,324.85,314.0,316.4,316.2,316.4,5135.0,4659645000.0,12431700.0,4876350.0,,314.45,3776145.9386199997,2896871.0959809995,106943400.0,-6905550.0,,-5.72,1.303525705323537,-6.46,,-6905550.0,
2021-05-20,TATAMOTORS,EQ,314.45,316.0,316.6,306.1,308.0,307.7,310.47,54043899,1677895002440000.0,332716,8163378,15.109999999999998,5,,2021-05-27,316.4,316.85,306.2,308.05,308.3,308.05,16093.0,14245973000.000002,91034700.0,-3477000.0,,,2021-06-24,316.7,318.0,308.0,309.6,309.9,309.6,3158.0,2805464000.0,14520750.0,2089050.0,,307.7,1677895.00244,2504091.89029,105555450.0,-1387950.0,,-2.19,0.6700612740875425,-1.31,,-1387950.0,
2021-05-21,TATAMOTORS,EQ,307.7,312.0,315.7,309.5,312.4,313.1,312.81,40358753,1262471843875000.0,235409,5773365,14.31,5,,2021-05-27,311.0,316.25,309.65,313.15,312.6,313.15,14732.0,13149151999.999998,81909000.0,-9125700.0,,,2021-06-24,317.4,317.6,311.25,314.65,314.05,314.65,5036.0,4517209000.0,20260650.0,5739900.0,,313.1,1262471.843875,2239177.650968,102169650.0,-3385800.0,,1.72,0.5638104878946213,-3.31,,,-3385800.0
2021-05-24,TATAMOTORS,EQ,313.1,314.75,315.8,310.2,311.8,311.85,313.24,31963997,1001229979585000.0,203153,4710909,14.74,5,,2021-05-27,314.95,316.35,310.15,312.3,312.5,312.3,15879.0,14197318000.0,62947950.0,-18961050.0,,,2021-06-24,316.7,317.8,311.85,313.85,314.05,313.85,10138.0,9113209000.0,37728300.0,17467650.0,,311.85,1001229.979585,2114071.991157,100676250.0,-1493400.0,,-0.4,0.4736025943170657,-1.48,,-1493400.0,
2021-05-25,TATAMOTORS,EQ,311.85,315.55,319.0,313.85,314.9,315.25,316.69,37382263,1183854819900000.0,235654,4998419,13.37,5,,2021-05-27,316.15,319.7,313.95,315.55,315.55,315.55,20176.0,18236691000.0,41792400.0,-21155550.0,315.25,,2021-06-24,318.0,321.25,315.3,317.15,317.15,317.15,15860.0,14405274000.0,58909500.0,21181200.0,315.25,315.25,1183854.8199,1780319.516884,100701900.0,25650.0,,1.08,0.6649676132136321,0.03,,25650.0,
2021-05-26,TATAMOTORS,EQ,315.25,316.1,320.0,314.8,315.15,315.5,317.63,28639717,909692303675000.0,182798,4024214,14.05,5,,2021-05-27,316.45,320.4,314.45,315.0,314.5,315.0,14236.0,12895781000.0,22740150.0,-19052250.0,315.5,,2021-06-24,318.25,322.0,316.05,316.6,316.1,316.6,14680.0,13360225000.0,76736250.0,17826750.0,315.5,315.5,909692.303675,1207028.789895,99476400.0,-1225500.0,,0.08,0.7536624737460774,-1.23,,,-1225500.0
2021-05-27,TATAMOTORS,EQ,315.5,317.05,323.45,316.55,319.0,318.6,320.59,49484106,1586422596310000.0,310012,11412784,23.06,5,,2021-05-27,317.15,323.75,316.95,319.6,319.25,318.6,16597.0,15188314000.000002,7156350.0,-15583800.0,318.6,,2021-06-24,317.0,325.8,317.0,320.55,321.4,320.55,25412.0,23355681000.0,92767500.0,16031250.0,318.6,318.6,1586422.59631,1188734.308669,99923850.0,447450.0,,0.97,1.3345476653115893,0.45,,447450.0,
2021-05-28,TATAMOTORS,EQ,318.6,322.65,324.5,316.5,319.8,318.75,320.4,26618815,852864013835000.0,189082,4490761,16.87,5,,2021-06-24,325.0,326.0,317.55,320.25,321.3,320.25,11649.0,10684701000.0,90684150.0,-2083350.0,318.75,,2021-07-29,326.85,327.45,319.5,321.95,322.9,321.95,358.0,330240000.0,2063400.0,196650.0,318.75,318.75,852864.013835,1106812.742661,92747550.0,-7176300.0,,0.05,0.7705585425268449,-7.74,,,-7176300.0
2021-05-31,TATAMOTORS,EQ,318.75,318.7,319.75,312.1,318.9,318.75,316.65,30917309,979000768200000.0,195958,4625553,14.96,5,,2021-06-24,320.0,320.7,312.8,319.35,319.3,319.35,11136.0,10076139000.0,92625000.0,1940850.0,,,2021-07-29,319.35,322.3,314.9,321.15,320.8,321.15,372.0,338275000.0,2262900.0,199500.0,,318.75,979000.7682,1102366.900384,94887900.0,2140350.0,,0.0,0.8880897710725654,2.26,,,2140350.0
2021-06-01,TATAMOTORS,EQ,318.75,319.2,325.7,317.3,318.3,318.1,320.48,32595728,1044616776504999.9,227553,4386040,13.460000000000003,6,,2021-06-24,320.0,327.5,318.0,319.05,319.6,319.05,14983.0,13741189000.000002,91730100.0,-894900.0,,,2021-07-29,322.45,329.0,320.15,320.95,321.05,320.95,616.0,568144000.0,2508000.0,245100.0,,318.1,1044616.7765049998,1074519.291705,94238100.0,-649800.0,,-0.2,0.9721712626000859,-0.69,,-649800.0,
2021-06-02,TATAMOTORS,EQ,318.1,315.95,324.4,315.6,322.9,323.0,320.96,26323777,844889233415000.0,157758,7866813,29.880000000000003,6,,2021-06-24,317.0,326.35,317.0,324.7,324.5,324.7,11981.0,11027744000.0,91960950.0,230850.0,,,2021-07-29,318.9,328.0,318.9,326.3,326.25,326.3,427.0,394598000.0,2402550.0,-105450.0,,323.0,844889.233415,1061558.677653,94363500.0,125400.0,,1.52,0.7958949902637182,0.13,,125400.0,
2021-06-03,TATAMOTORS,EQ,323.0,325.3,327.7,323.65,324.95,325.65,325.92,21408371,697740879845000.0,151971,5395009,25.2,6,,2021-06-24,326.85,329.4,325.15,326.9,325.6,326.9,8722.0,8141119000.0,89794950.0,-2166000.0,,,2021-07-29,328.3,331.0,327.0,328.45,328.05,328.45,382.0,358281000.0,2311350.0,-91200.0,,325.65,697740.879845,883822.33436,92106300.0,-2257200.0,,0.81,0.7894583025560825,-2.45,,,-2257200.0
2021-06-04,TATAMOTORS,EQ,325.65,325.15,336.9,324.25,336.8,334.95,330.33,41278749,1363569741540000.0,257144,12603426,30.53,6,,2021-06-24,326.35,338.55,325.25,336.7,338.1,336.7,20289.0,19231653000.0,94625700.0,4830750.0,,,2021-07-29,329.35,340.0,328.6,338.15,340.0,338.15,726.0,690680000.0,2356950.0,45600.0,,334.95,1363569.74154,985963.479901,96982650.0,4876350.0,,2.78,1.3829819961251661,5.03,,4876350.0,
2021-06-07,TATAMOTORS,EQ,334.95,339.75,351.0,339.75,344.35,345.5,346.4,64986814,2251144512759999.8,454768,12141141,18.68,6,,2021-06-24,341.7,352.9,341.5,347.0,345.85,347.0,27155.0,26912105000.0,89903250.0,-4722450.0,,,2021-07-29,344.45,354.6,344.45,348.75,347.95,348.75,1063.0,1059634000.0,2516550.0,159600.0,,345.5,2251144.51276,1240392.228813,92419800.0,-4562850.0,,3.05,1.8148650567685711,-4.94,,,-4562850.0
2021-06-08,TATAMOTORS,EQ,345.5,346.25,356.65,337.5,356.5,352.75,346.15,44104954,1526703955015000.0,280211,6886102,15.61,6,,2021-06-24,347.75,358.2,338.4,354.55,358.15,354.55,22581.0,22418761000.0,91128750.0,1225500.0,,,2021-07-29,349.7,359.9,340.25,356.4,359.9,356.4,1056.0,1051471999.9999999,2718900.0,202350.0,,352.75,1526703.955015,1336809.664515,93847650.0,1427850.0,,2.06,1.1420503573101368,1.52,,1427850.0,
2021-06-09,TATAMOTORS,EQ,352.75,356.2,358.9,339.75,343.55,343.35,350.63,59334814,2080478807545000.0,364388,7909760,13.33,6,,2021-06-24,358.0,360.5,340.25,344.35,344.6,344.35,26369.0,26441265999.999996,86936400.0,-4192350.0,,,2021-07-29,358.8,362.15,342.15,345.75,346.8,345.75,1751.0,1759343999.9999998,3420000.0,701100.0,,343.35,2080478.807545,1583927.579341,90356400.0,-3491250.0,,-2.74,1.313493643699665,-3.86,,-3491250.0,
2021-06-10,TATAMOTORS,EQ,343.35,345.2,347.85,342.4,345.05,344.75,345.05,24351860,840261147595000.0,173167,3728297,15.310000000000002,6,,2021-06-24,346.5,348.55,343.0,345.4,345.75,345.4,8294.0,8173538000.0,85571250.0,-1365150.0,,,2021-07-29,347.7,350.3,345.0,347.2,347.75,347.2,594.0,588514000.0,3531150.0,111150.0,,344.75,840261.147595,1612431.632891,89102400.0,-1254000.0,,0.41,0.5211142788661735,-1.41,,,-1254000.0
2021-06-11,TATAMOTORS,EQ,344.75,346.0,352.9,344.35,350.0,350.75,349.49,36441967,1273625449720000.0,238009,7752772,21.27,6,,2021-06-24,346.8,353.65,345.0,351.05,350.6,351.05,13730.0,13698787000.0,84462600.0,-1108650.0,,,2021-07-29,348.95,355.35,347.65,352.75,352.35,352.75,829.0,831662000.0000001,3599550.0,68400.0,,350.75,1273625.44972,1594442.774527,88062150.0,-1040250.0,,1.71,0.7987903172616702,-1.18,,,-1040250.0
2021-06-14,TATAMOTORS,EQ,350.75,350.05,357.9,341.1,355.85,355.95,350.96,38482142,1350568567035000.0,258674,5912785,15.370000000000001,6,,2021-06-24,350.35,358.35,341.3,356.25,356.5,356.25,17309.0,17346332000.0,86235300.0,1801200.0,,,2021-07-29,351.2,360.05,343.4,358.15,358.45,358.15,1530.0,1538559000.0,4001400.0,401850.0,,355.95,1350568.567035,1414327.585382,90236700.0,2174550.0,,1.46,0.9549192004695439,2.41,,2174550.0,
2021-06-15,TATAMOTORS,EQ,355.95,355.75,360.75,351.5,352.0,352.7,356.11,35526159,1265113922010000.0,244448,5715423,16.09,6,,2021-06-24,358.35,361.35,352.1,353.0,352.85,353.0,14536.0,14774826999.999998,85200750.0,-1034550.0,,,2021-07-29,357.85,363.0,354.25,354.9,354.95,354.9,1194.0,1219021000.0,4887750.0,886350.0,,352.7,1265113.92201,1362009.578781,90088500.0,-148200.0,,-0.92,0.9288583147427482,-0.16,,-148200.0,
2021-06-16,TATAMOTORS,EQ,352.7,350.1,356.0,348.1,348.35,349.35,351.5,27550588,968407492579999.9,185607,3436552,12.47,6,,2021-06-24,352.7,356.6,348.0,349.15,348.15,349.15,11446.0,11473072000.0,82681350.0,-2519400.0,349.35,,2021-07-29,352.85,358.4,350.0,351.05,350.05,351.05,1911.0,1925653000.0,7230450.0,2342700.0,349.35,349.35,968407.4925799998,1139595.315788,89911800.0,-176700.0,,-0.96,0.8497819174610873,-0.2,,-176700.0,
2021-06-17,TATAMOTORS,EQ,349.35,348.4,352.9,342.25,344.9,345.65,347.75,29236974,1016730141035000.0,215768,4307709,14.730000000000002,6,,2021-06-24,348.3,353.25,342.3,345.85,345.5,345.85,12839.0,12726841000.0,79825650.0,-2855700.0,,,2021-07-29,350.05,355.0,344.25,347.85,347.6,347.85,2488.0,2476908000.0,9567450.0,2337000.0,,345.65,1016730.141035,1174889.114476,89393100.0,-518700.0,,-1.07,0.8653839145394254,-0.58,,-518700.0,
2021-06-18,TATAMOTORS,EQ,345.65,345.65,346.9,329.0,338.7,337.4,337.3,49440514,1667621127970000.0,335484,11853384,23.98,6,,2021-06-24,346.05,346.95,328.7,338.0,338.6,338.0,19009.0,18268840000.0,70161300.0,-9664350.0,337.4,,2021-07-29,347.6,348.9,330.7,339.85,340.55,339.85,6944.0,6709639999.999999,19733400.0,10165950.0,337.4,337.4,1667621.12797,1253688.250126,89894700.0,501600.0,,-2.45,1.330172096454121,0.56,,,501600.0
2021-06-21,TATAMOTORS,EQ,337.4,330.9,335.8,326.2,334.0,334.3,331.38,29123887,965106990495000.1,220372,3984920,13.68,6,,2021-06-24,331.0,335.65,326.15,333.7,333.45,333.7,18633.0,17597287000.0,54309600.0,-15851700.0,,,2021-07-29,331.65,337.25,328.0,335.35,335.2,335.35,12946.0,12293572000.0,40418700.0,20685300.0,,334.3,965106.9904950002,1176595.934818,94728300.0,4833600.0,,-0.93,0.820253548338399,5.1,,,4833600.0
2021-06-22,TATAMOTORS,EQ,334.3,337.1,344.3,336.15,337.25,337.9,341.06,26708459,910908724890000.0,196463,3645588,13.65,6,,2021-06-24,336.7,344.75,336.5,337.7,337.15,337.7,17327.0,16859506000.0,33595800.0,-20713800.0,,,2021-07-29,338.6,346.45,338.0,339.4,338.95,339.4,12802.0,12522379000.0,58809750.0,18391050.0,,337.9,910908.72489,1105754.895394,92405550.0,-2322750.0,,1.07,0.8237890048548482,-2.51,,,-2322750.0
2021-06-23,TATAMOTORS,EQ,337.9,341.0,343.25,334.3,335.5,335.25,338.98,25741628,872592133125000.0,163850,3796141,14.75,6,,2021-06-24,339.85,342.85,334.9,335.55,335.75,335.55,13597.0,13123971000.0,15962850.0,-17632950.0,335.25,,2021-07-29,341.6,344.6,336.1,336.8,337.0,336.8,13891.0,13471464000.000002,74849550.0,16039800.0,335.25,335.25,872592.133125,1086591.823503,90812400.0,-1593150.0,,-0.79,0.8030542051309582,-1.75,,-1593150.0,
2021-06-24,TATAMOTORS,EQ,335.25,335.0,337.4,333.35,335.3,334.65,335.51,15580223,522737796139999.94,119970,2603785,16.71,6,,2021-06-24,335.3,337.7,333.35,334.4,334.55,334.65,8983.0,8590985000.0,3058050.0,-12904800.0,334.65,,2021-07-29,337.05,339.1,334.75,335.95,336.5,335.95,10828.0,10399665000.0,86115600.0,11266050.0,334.65,334.65,522737.79613999993,987793.354524,89173650.0,-1638750.0,,-0.18,0.529197522686208,-1.84,,-1638750.0,
2021-06-25,TATAMOTORS,EQ,334.65,335.9,342.8,335.9,339.1,339.65,340.03,22426352,762574231495000.0,162950,3345310,14.92,6,,2021-07-29,337.8,344.95,337.7,340.7,340.2,340.7,9747.0,9491940000.0,87016200.0,900600.0,,,2021-08-26,340.25,346.65,340.25,342.4,341.9,342.4,449.0,439413000.0,1558950.0,153900.0,,339.65,762574.231495,806783.975229,88575150.0,-598500.0,,1.47,0.945202501423691,-0.68,,,-598500.0
2021-06-28,TATAMOTORS,EQ,339.65,340.8,345.0,337.55,343.0,342.8,341.0,17843975,608488041000000.0,128540,2803029,15.71,6,,2021-07-29,341.4,346.85,338.55,344.7,344.9,344.7,9638.0,9420171000.0,87423750.0,407550.0,,,2021-08-26,344.5,348.2,340.45,346.25,346.7,346.25,291.0,285476000.0,1638750.0,79800.0,,342.8,608488.041,735460.18533,89062500.0,487350.0,,0.92,0.8273568755145763,0.55,,487350.0,
2021-06-29,TATAMOTORS,EQ,342.8,342.65,346.5,339.6,342.3,341.55,343.24,22462297,770994047845000.0,166772,3533086,15.73,6,,2021-07-29,344.75,348.1,340.75,342.95,343.55,342.95,10017.0,9837208000.0,89860500.0,2436750.0,341.55,,2021-08-26,346.0,349.5,342.8,344.4,345.4,344.4,392.0,386760000.0,1826850.0,188100.0,341.55,341.55,770994.047845,707477.249921,91687350.0,2624850.0,,-0.37,1.089779279731034,2.86,,,2624850.0
2021-06-30,TATAMOTORS,EQ,341.55,342.0,345.35,338.85,340.0,339.6,342.64,18277841,626263034530000.0,144643,2815163,15.4,6,,2021-07-29,343.5,347.4,339.85,340.95,341.55,340.95,9122.0,8945368000.0,88786050.0,-1074450.0,,,2021-08-26,345.05,348.8,341.85,342.6,343.25,342.6,371.0,365572000.0,2014950.0,188100.0,,339.6,626263.03453,658211.430202,90801000.0,-886350.0,,-0.57,0.9514618035998018,-0.98,,-886350.0,
2021-07-01,TATAMOTORS,EQ,339.6,341.5,347.4,341.2,344.5,344.25,344.48,27944816,962645527675000.0,201015,5436759,19.46,7,,2021-07-29,343.0,349.2,342.3,344.8,345.2,344.8,12704.0,12520868000.0,88666350.0,-119700.0,,,2021-08-26,344.0,350.55,344.0,346.3,347.0,346.3,485.0,480159000.0,2160300.0,145350.0,,344.25,962645.527675,746192.976509,90826650.0,25650.0,,1.35,1.290075835581641,0.03,,25650.0,
2021-07-02,TATAMOTORS,EQ,344.25,345.3,345.55,340.5,344.9,344.9,343.54,18304387,628834848695000.0,125567,2958441,16.16,7,,2021-07-29,345.05,346.4,341.15,345.45,345.55,345.45,7671.0,7523689000.0,88794600.0,128250.0,344.9,,2021-08-26,346.5,347.35,342.8,347.05,347.2,347.05,341.0,335779000.0,2194500.0,34200.0,344.9,344.9,628834.848695,719445.099949,90989100.0,162450.0,,0.19,0.8740553639736748,0.18,,162450.0,
2021-07-05,TATAMOTORS,EQ,344.9,347.05,350.1,344.0,345.8,346.1,347.14,18399524,638727779705000.0,160130,3299644,17.93,7,,2021-07-29,347.65,351.15,344.65,346.9,346.75,346.9,8765.0,8687870000.0,89478600.0,684000.0,,,2021-08-26,346.65,352.65,346.65,348.35,348.3,348.35,372.0,370116000.0,2342700.0,148200.0,,346.1,638727.779705,725493.04769,91821300.0,832200.0,,0.35,0.8804051006949491,0.91,,832200.0,
2021-07-06,TATAMOTORS,EQ,346.1,348.0,358.2,311.5,316.6,316.9,330.49,164083830,5422839691080000.0,1126291,38354169,23.37,7,,2021-07-29,349.1,359.5,312.25,316.8,316.0,316.8,77043.0,72989607000.0,99912450.0,10433850.0,316.9,,2021-08-26,349.8,360.9,313.55,318.6,317.75,318.6,3698.0,3492965000.0,4970400.0,2627700.0,316.9,316.9,5422839.69108,1655862.176337,104882850.0,13061550.0,,-9.21,3.274934211660106,12.45,,,13061550.0
2021-07-07,TATAMOTORS,EQ,316.9,316.0,319.1,306.25,317.25,317.1,313.64,112183313,3518529892175000.0,818147,15596852,13.900000000000002,7,,2021-07-29,315.15,319.15,306.65,316.6,316.7,316.6,38519.0,34430016000.0,111511950.0,11599500.0,,,2021-08-26,315.25,320.2,308.15,317.95,318.15,317.95,2446.0,2192835000.0,6384000.0,1413600.0,,317.1,3518529.892175,2234315.547866,117895950.0,13013100.0,,0.06,1.5747685663896296,11.04,,13013100.0,
2021-07-08,TATAMOTORS,EQ,317.1,314.8,314.8,305.0,306.15,306.35,309.6,87360324,2704688089405000.0,729702,24053100,27.530000000000005,7,,2021-07-29,313.95,314.4,302.45,305.05,304.35,305.05,33116.0,29112028000.000004,126423150.0,14911200.0,,,2021-08-26,313.95,314.75,303.25,305.75,305.3,305.75,3686.0,3247980000.0,9342300.0,2958300.0,,306.35,2704688.089405,2582724.060212,135765450.0,17869500.0,,-3.51,1.047223019706948,13.16,,,17869500.0
2021-07-09,TATAMOTORS,EQ,306.35,305.8,308.85,301.85,307.35,306.3,306.02,48807214,1493620842135000.0,404151,8296563,17.0,7,,2021-07-29,304.15,306.95,300.35,304.8,305.1,304.8,15334.0,13293787000.0,129501150.0,3078000.0,,,2021-08-26,303.95,307.35,301.05,305.45,305.9,305.45,1307.0,1135088000.0,9895200.0,552900.0,,306.3,1493620.842135,2755681.2589,139396350.0,3630900.0,,-0.02,0.5420150960170251,2.6,,,3630900.0
2021-07-12,TATAMOTORS,EQ,306.3,310.8,312.0,306.1,307.5,307.45,308.4,32282319,995576558029999.9,251579,7145145,22.13,7,,2021-07-29,309.15,310.0,303.7,305.15,305.0,305.15,15022.0,13105447000.0,128227200.0,-1273950.0,,,2021-08-26,309.9,310.1,304.2,305.5,305.2,305.5,3455.0,3018970000.0,16136700.0,6241500.0,,307.45,995576.5580299998,2827051.014565,144363900.0,4967550.0,,0.37,0.3521608039263451,3.44,,4967550.0,
2021-07-13,TATAMOTORS,EQ,307.45,310.0,312.25,308.15,310.65,310.95,310.09,25736308,798059827045000.0,203069,5808946,22.57,7,,2021-07-29,307.15,312.6,306.8,311.8,311.5,311.8,15395.0,13588029999.999998,120649050.0,-7578150.0,,,2021-08-26,308.35,313.15,306.85,312.65,312.25,312.65,3069.0,2716246000.0,17168400.0,1031700.0,,310.95,798059.827045,1902095.041758,137817450.0,-6546450.0,,1.13,0.41956884883491313,-4.75,,,-6546450.0
2021-07-14,TATAMOTORS,EQ,310.95,310.0,313.3,308.65,309.0,309.55,310.72,21863250,679338394060000.0,178728,4650099,21.27,7,,2021-07-29,310.9,313.5,308.3,309.4,308.85,309.4,9877.0,8733604000.0,121213350.0,564300.0,309.55,,2021-08-26,312.45,314.3,309.15,309.9,309.75,309.9,1090.0,965581000.0,17624400.0,456000.0,309.55,309.55,679338.39406,1334256.742135,138837750.0,1020300.0,,-0.45,0.5091511795345791,0.73,,,1020300.0
2021-07-15,TATAMOTORS,EQ,309.55,310.5,312.85,307.6,310.1,310.25,309.95,23617599,732034153070000.0,186448,6716209,28.440000000000005,7,,2021-07-29,309.8,314.0,307.65,311.05,311.0,311.05,11637.0,10298739000.0,121697850.0,484500.0,,,2021-08-26,310.15,314.65,308.5,311.8,311.5,311.8,1240.0,1100196000.0,18325500.0,701100.0,,310.25,732034.15307,939725.954868,140023350.0,1185600.0,,0.23,0.7789868410869063,0.85,,1185600.0,
2021-07-16,TATAMOTORS,EQ,310.25,311.1,315.45,310.5,311.1,311.25,312.6,25148606,786137651765000.0,207808,5188993,20.63,7,,2021-07-29,311.8,316.25,310.7,311.75,311.75,311.75,12523.0,11179935000.0,124872750.0,3174900.0,,,2021-08-26,312.8,316.85,311.6,312.7,312.6,312.7,1625.0,1454380000.0,19570950.0,1245450.0,,311.25,786137.651765,798229.316794,144443700.0,4420350.0,,0.32,0.9848518905850704,3.06,,4420350.0,
2021-07-19,TATAMOTORS,EQ,311.25,308.95,310.3,306.0,309.1,308.85,308.28,21346348,658066210725000.0,212078,4775597,22.37,7,,2021-07-29,308.1,310.55,305.8,308.85,308.8,308.85,10377.0,9114229000.0,122772300.0,-2100450.0,,,2021-08-26,309.0,311.2,305.8,309.6,309.7,309.6,1915.0,1686597000.0,21523200.0,1952250.0,,308.85,658066.210725,730727.247333,144295500.0,-148200.0,,-0.78,0.9005633950653991,-0.1,,-148200.0,
2021-07-20,TATAMOTORS,EQ,308.85,307.0,308.0,301.05,301.85,302.15,304.33,27672567,842166236200000.0,301520,8696392,31.430000000000003,7,,2021-07-29,307.05,307.9,301.85,302.7,302.5,302.7,12779.0,11085088000.0,120552150.0,-2220150.0,,,2021-08-26,308.1,308.4,302.6,303.4,303.4,303.4,2280.0,1980758000.0000002,23922900.0,2399700.0,,302.15,842166.2362,739548.529164,144475050.0,179550.0,,-2.22,1.1387572322698027,0.12,,,179550.0
2021-07-22,TATAMOTORS,EQ,302.15,305.5,307.45,301.05,303.1,302.55,303.96,21338361,648599048630000.0,217237,7296981,34.2,7,,2021-07-29,306.0,307.6,301.2,303.35,303.95,303.35,10048.0,8725013000.0,113558250.0,-6993900.0,,,2021-08-26,307.75,308.35,302.3,304.15,304.5,304.15,2164.0,1882477000.0,26345400.0,2422500.0,,302.55,648599.04863,733400.660078,139903650.0,-4571400.0,,0.13,0.8843720546433909,-3.27,,,-4571400.0
2021-07-23,TATAMOTORS,EQ,302.55,300.5,301.9,295.0,295.8,295.55,296.59,33435130,991668418254999.9,355996,9811330,29.34,7,,2021-07-29,300.0,301.2,294.15,295.45,295.65,295.45,13816.0,11664463000.0,111586050.0,-1972200.0,,,2021-08-26,301.35,302.15,294.8,296.15,296.5,296.15,6095.0,5158133000.0,35359950.0,9014550.0,,295.55,991668.4182549999,785327.513115,146946000.0,7042350.0,,-2.37,1.2627450352803116,4.79,,,7042350.0
2021-07-26,TATAMOTORS,EQ,295.55,295.0,297.0,291.0,292.75,293.15,293.67,27502360,807665479010000.0,261987,7874978,28.63,7,,2021-07-29,294.85,297.7,290.55,293.25,292.55,293.25,20411.0,17074867000.000002,84861600.0,-26724450.0,,,2021-08-26,295.9,297.95,290.75,293.8,293.1,293.8,16666.0,13956692000.000002,55666200.0,20306250.0,,293.15,807665.47901,789633.078564,140527800.0,-6418200.0,,-0.82,1.0228364299008257,-4.57,,-6418200.0,
2021-07-27,TATAMOTORS,EQ,293.15,293.0,297.65,288.6,291.0,291.4,292.45,55132877,1612335112490000.0,366440,23520260,42.66,7,,2021-07-29,293.0,297.95,288.85,291.45,290.7,291.45,21846.0,18255456000.0,63324150.0,-21537450.0,291.4,,2021-08-26,294.05,298.4,289.65,292.1,291.5,292.1,16262.0,13617785999.999998,69038400.0,13372200.0,291.4,291.4,1612335.11249,980486.858917,132362550.0,-8165250.0,,-0.6,1.64442296990182,-6.17,,-8165250.0,
2021-07-28,TATAMOTORS,EQ,291.4,290.0,290.9,283.6,285.0,284.45,285.94,36139725,1033367196895000.1,351962,16502661,45.66,7,,2021-07-29,290.0,290.95,283.65,284.7,284.7,284.7,15691.0,12793371000.0,43642050.0,-19682100.0,284.45,,2021-08-26,290.7,291.95,284.6,285.85,286.05,285.85,14787.0,12102975000.0,84670650.0,15632250.0,284.45,284.45,1033367.1968950002,1018727.051056,128312700.0,-4049850.0,,-2.44,1.0143710190318636,-3.16,,-4049850.0,
2021-07-29,TATAMOTORS,EQ,284.45,287.55,295.4,287.55,293.8,292.9,292.69,57733359,1689807283035000.0,338308,26369550,45.67,7,,2021-07-29,287.0,295.6,287.0,292.7,293.65,292.9,20011.0,16678860000.0,17536050.0,-26106000.0,,,2021-08-26,288.6,296.85,288.6,294.3,295.2,294.3,23423.0,19621305000.0,102064200.0,17393550.0,,292.9,1689807.283035,1226968.697937,119600250.0,-8712450.0,,2.88,1.3772211841069844,-7.28,,,-8712450.0
2021-07-30,TATAMOTORS,EQ,292.9,294.0,300.0,293.25,294.4,293.95,296.77,30589609,907809710865000.0,259275,7377498,24.12,7,,2021-08-26,294.5,301.1,294.3,295.15,295.8,295.15,11372.0,9647146000.0,104925600.0,2861400.0,293.95,,,,,,,,,,,,,,293.95,907809.710865,1210196.956459,,,,0.36,0.7501338571543131,,,,
